"Office","State","RaceDate","CensusPop","Area","AreaType","RepVotes","RepCandidate","RepStatus","DemVotes","DemCandidate","DemStatus","ThirdParty","ThirdVotes","ThirdCandidate","ThirdStatus","OtherVotes","PluralityVotes","PluralityParty","ThirdVotesTotalPercent","RepVotesMajorPercent","DemVotesMajorPercent","RaceNotes","TitleNotes","OtherNotes"
"Governor","Kentucky","19951107","N/A","ADAIR","County","2,951","Forgy, Larry","Challenger","1,528","Patton, Paul E.","Challenger","N/A","N/A","N/A","N/A","3","1,423","R",".00","65.89","34.11","","",""
"Governor","Kentucky","19951107","N/A","ALLEN","County","1,829","Forgy, Larry","Challenger","1,327","Patton, Paul E.","Challenger","N/A","N/A","N/A","N/A","N/A","502","R",".00","57.95","42.05","","",""
"Governor","Kentucky","19951107","N/A","ANDERSON","County","2,783","Forgy, Larry","Challenger","2,591","Patton, Paul E.","Challenger","N/A","N/A","N/A","N/A","43","192","R",".00","51.79","48.21","","",""
"Governor","Kentucky","19951107","N/A","BALLARD","County","938","Forgy, Larry","Challenger","1,959","Patton, Paul E.","Challenger","N/A","N/A","N/A","N/A","7","1,021","D",".00","32.38","67.62","","",""
"Governor","Kentucky","19951107","N/A","BARREN","County","3,882","Forgy, Larry","Challenger","4,672","Patton, Paul E.","Challenger","N/A","N/A","N/A","N/A","N/A","790","D",".00","45.38","54.62","","",""
"Governor","Kentucky","19951107","N/A","BATH","County","1,309","Forgy, Larry","Challenger","1,844","Patton, Paul E.","Challenger","N/A","N/A","N/A","N/A","8","535","D",".00","41.52","58.48","","",""
"Governor","Kentucky","19951107","N/A","BELL","County","3,140","Forgy, Larry","Challenger","3,196","Patton, Paul E.","Challenger","N/A","N/A","N/A","N/A","2","56","D",".00","49.56","50.44","","",""
"Governor","Kentucky","19951107","N/A","BOONE","County","9,990","Forgy, Larry","Challenger","4,835","Patton, Paul E.","Challenger","N/A","N/A","N/A","N/A","14","5,155","R",".00","67.39","32.61","","",""
"Governor","Kentucky","19951107","N/A","BOURBON","County","2,087","Forgy, Larry","Challenger","2,347","Patton, Paul E.","Challenger","N/A","N/A","N/A","N/A","69","260","D",".00","47.07","52.93","","",""
"Governor","Kentucky","19951107","N/A","BOYD","County","5,012","Forgy, Larry","Challenger","7,863","Patton, Paul E.","Challenger","N/A","N/A","N/A","N/A","6","2,851","D",".00","38.93","61.07","","",""
"Governor","Kentucky","19951107","N/A","BOYLE","County","3,364","Forgy, Larry","Challenger","3,021","Patton, Paul E.","Challenger","N/A","N/A","N/A","N/A","49","343","R",".00","52.69","47.31","","",""
"Governor","Kentucky","19951107","N/A","BRACKEN","County","1,099","Forgy, Larry","Challenger","893","Patton, Paul E.","Challenger","N/A","N/A","N/A","N/A","4","206","R",".00","55.17","44.83","","",""
"Governor","Kentucky","19951107","N/A","BREATHITT","County","1,177","Forgy, Larry","Challenger","2,393","Patton, Paul E.","Challenger","N/A","N/A","N/A","N/A","2","1,216","D",".00","32.97","67.03","","",""
"Governor","Kentucky","19951107","N/A","BRECKINRIDGE","County","2,474","Forgy, Larry","Challenger","2,427","Patton, Paul E.","Challenger","N/A","N/A","N/A","N/A","4","47","R",".00","50.48","49.52","","",""
"Governor","Kentucky","19951107","N/A","BULLITT","County","5,530","Forgy, Larry","Challenger","6,145","Patton, Paul E.","Challenger","N/A","N/A","N/A","N/A","57","615","D",".00","47.37","52.63","","",""
"Governor","Kentucky","19951107","N/A","BUTLER","County","2,503","Forgy, Larry","Challenger","880","Patton, Paul E.","Challenger","N/A","N/A","N/A","N/A","N/A","1,623","R",".00","73.99","26.01","","",""
"Governor","Kentucky","19951107","N/A","CALDWELL","County","1,602","Forgy, Larry","Challenger","2,009","Patton, Paul E.","Challenger","N/A","N/A","N/A","N/A","2","407","D",".00","44.36","55.64","","",""
"Governor","Kentucky","19951107","N/A","CALLOWAY","County","4,537","Forgy, Larry","Challenger","3,916","Patton, Paul E.","Challenger","N/A","N/A","N/A","N/A","20","621","R",".00","53.67","46.33","","",""
"Governor","Kentucky","19951107","N/A","CAMPBELL","County","11,838","Forgy, Larry","Challenger","7,918","Patton, Paul E.","Challenger","N/A","N/A","N/A","N/A","11","3,920","R",".00","59.92","40.08","","",""
"Governor","Kentucky","19951107","N/A","CARLISLE","County","685","Forgy, Larry","Challenger","1,212","Patton, Paul E.","Challenger","N/A","N/A","N/A","N/A","1","527","D",".00","36.11","63.89","","",""
"Governor","Kentucky","19951107","N/A","CARROLL","County","847","Forgy, Larry","Challenger","1,340","Patton, Paul E.","Challenger","N/A","N/A","N/A","N/A","N/A","493","D",".00","38.73","61.27","","",""
"Governor","Kentucky","19951107","N/A","CARTER","County","2,085","Forgy, Larry","Challenger","3,024","Patton, Paul E.","Challenger","N/A","N/A","N/A","N/A","7","939","D",".00","40.81","59.19","","",""
"Governor","Kentucky","19951107","N/A","CASEY","County","2,774","Forgy, Larry","Challenger","970","Patton, Paul E.","Challenger","N/A","N/A","N/A","N/A","7","1,804","R",".00","74.09","25.91","","",""
"Governor","Kentucky","19951107","N/A","CHRISTIAN","County","4,764","Forgy, Larry","Challenger","5,229","Patton, Paul E.","Challenger","N/A","N/A","N/A","N/A","3","465","D",".00","47.67","52.33","","",""
"Governor","Kentucky","19951107","N/A","CLARK","County","3,769","Forgy, Larry","Challenger","3,951","Patton, Paul E.","Challenger","N/A","N/A","N/A","N/A","63","182","D",".00","48.82","51.18","","",""
"Governor","Kentucky","19951107","N/A","CLAY","County","3,395","Forgy, Larry","Challenger","1,939","Patton, Paul E.","Challenger","N/A","N/A","N/A","N/A","1","1,456","R",".00","63.65","36.35","","",""
"Governor","Kentucky","19951107","N/A","CLINTON","County","1,752","Forgy, Larry","Challenger","967","Patton, Paul E.","Challenger","N/A","N/A","N/A","N/A","N/A","785","R",".00","64.44","35.56","","",""
"Governor","Kentucky","19951107","N/A","CRITTENDEN","County","1,271","Forgy, Larry","Challenger","1,207","Patton, Paul E.","Challenger","N/A","N/A","N/A","N/A","4","64","R",".00","51.29","48.71","","",""
"Governor","Kentucky","19951107","N/A","CUMBERLAND","County","1,654","Forgy, Larry","Challenger","644","Patton, Paul E.","Challenger","N/A","N/A","N/A","N/A","1","1,010","R",".00","71.98","28.02","","",""
"Governor","Kentucky","19951107","N/A","DAVIESS","County","12,561","Forgy, Larry","Challenger","13,557","Patton, Paul E.","Challenger","N/A","N/A","N/A","N/A","9","996","D",".00","48.09","51.91","","",""
"Governor","Kentucky","19951107","N/A","EDMONSON","County","2,102","Forgy, Larry","Challenger","1,072","Patton, Paul E.","Challenger","N/A","N/A","N/A","N/A","N/A","1,030","R",".00","66.23","33.77","","",""
"Governor","Kentucky","19951107","N/A","ELLIOTT","County","237","Forgy, Larry","Challenger","1,368","Patton, Paul E.","Challenger","N/A","N/A","N/A","N/A","1","1,131","D",".00","14.77","85.23","","",""
"Governor","Kentucky","19951107","N/A","ESTILL","County","2,330","Forgy, Larry","Challenger","1,662","Patton, Paul E.","Challenger","N/A","N/A","N/A","N/A","27","668","R",".00","58.37","41.63","","",""
"Governor","Kentucky","19951107","N/A","FAYETTE","County","33,932","Forgy, Larry","Challenger","28,264","Patton, Paul E.","Challenger","N/A","N/A","N/A","N/A","931","5,668","R",".00","54.56","45.44","","",""
"Governor","Kentucky","19951107","N/A","FLEMING","County","2,234","Forgy, Larry","Challenger","2,035","Patton, Paul E.","Challenger","N/A","N/A","N/A","N/A","18","199","R",".00","52.33","47.67","","",""
"Governor","Kentucky","19951107","N/A","FLOYD","County","3,106","Forgy, Larry","Challenger","9,893","Patton, Paul E.","Challenger","N/A","N/A","N/A","N/A","10","6,787","D",".00","23.89","76.11","","",""
"Governor","Kentucky","19951107","N/A","FRANKLIN","County","7,668","Forgy, Larry","Challenger","10,249","Patton, Paul E.","Challenger","N/A","N/A","N/A","N/A","160","2,581","D",".00","42.80","57.20","","",""
"Governor","Kentucky","19951107","N/A","FULTON","County","780","Forgy, Larry","Challenger","1,042","Patton, Paul E.","Challenger","N/A","N/A","N/A","N/A","1","262","D",".00","42.81","57.19","","",""
"Governor","Kentucky","19951107","N/A","GALLATIN","County","562","Forgy, Larry","Challenger","757","Patton, Paul E.","Challenger","N/A","N/A","N/A","N/A","6","195","D",".00","42.61","57.39","","",""
"Governor","Kentucky","19951107","N/A","GARRARD","County","2,203","Forgy, Larry","Challenger","1,290","Patton, Paul E.","Challenger","N/A","N/A","N/A","N/A","19","913","R",".00","63.07","36.93","","",""
"Governor","Kentucky","19951107","N/A","GRANT","County","1,944","Forgy, Larry","Challenger","1,612","Patton, Paul E.","Challenger","N/A","N/A","N/A","N/A","4","332","R",".00","54.67","45.33","","",""
"Governor","Kentucky","19951107","N/A","GRAVES","County","3,868","Forgy, Larry","Challenger","5,505","Patton, Paul E.","Challenger","N/A","N/A","N/A","N/A","N/A","1,637","D",".00","41.27","58.73","","",""
"Governor","Kentucky","19951107","N/A","GRAYSON","County","3,411","Forgy, Larry","Challenger","2,245","Patton, Paul E.","Challenger","N/A","N/A","N/A","N/A","1","1,166","R",".00","60.31","39.69","","",""
"Governor","Kentucky","19951107","N/A","GREEN","County","2,238","Forgy, Larry","Challenger","1,419","Patton, Paul E.","Challenger","N/A","N/A","N/A","N/A","3","819","R",".00","61.20","38.80","","",""
"Governor","Kentucky","19951107","N/A","GREENUP","County","3,625","Forgy, Larry","Challenger","5,389","Patton, Paul E.","Challenger","N/A","N/A","N/A","N/A","8","1,764","D",".00","40.22","59.78","","",""
"Governor","Kentucky","19951107","N/A","HANCOCK","County","1,195","Forgy, Larry","Challenger","1,272","Patton, Paul E.","Challenger","N/A","N/A","N/A","N/A","N/A","77","D",".00","48.44","51.56","","",""
"Governor","Kentucky","19951107","N/A","HARDIN","County","9,231","Forgy, Larry","Challenger","8,899","Patton, Paul E.","Challenger","N/A","N/A","N/A","N/A","47","332","R",".00","50.92","49.08","","",""
"Governor","Kentucky","19951107","N/A","HARLAN","County","4,014","Forgy, Larry","Challenger","4,669","Patton, Paul E.","Challenger","N/A","N/A","N/A","N/A","9","655","D",".00","46.23","53.77","","",""
"Governor","Kentucky","19951107","N/A","HARRISON","County","2,157","Forgy, Larry","Challenger","2,351","Patton, Paul E.","Challenger","N/A","N/A","N/A","N/A","36","194","D",".00","47.85","52.15","","",""
"Governor","Kentucky","19951107","N/A","HART","County","2,140","Forgy, Larry","Challenger","2,235","Patton, Paul E.","Challenger","N/A","N/A","N/A","N/A","4","95","D",".00","48.91","51.09","","",""
"Governor","Kentucky","19951107","N/A","HENDERSON","County","4,015","Forgy, Larry","Challenger","6,173","Patton, Paul E.","Challenger","N/A","N/A","N/A","N/A","23","2,158","D",".00","39.41","60.59","","",""
"Governor","Kentucky","19951107","N/A","HENRY","County","1,644","Forgy, Larry","Challenger","2,089","Patton, Paul E.","Challenger","N/A","N/A","N/A","N/A","27","445","D",".00","44.04","55.96","","",""
"Governor","Kentucky","19951107","N/A","HICKMAN","County","773","Forgy, Larry","Challenger","861","Patton, Paul E.","Challenger","N/A","N/A","N/A","N/A","6","88","D",".00","47.31","52.69","","",""
"Governor","Kentucky","19951107","N/A","HOPKINS","County","4,450","Forgy, Larry","Challenger","5,633","Patton, Paul E.","Challenger","N/A","N/A","N/A","N/A","6","1,183","D",".00","44.13","55.87","","",""
"Governor","Kentucky","19951107","N/A","JACKSON","County","2,388","Forgy, Larry","Challenger","707","Patton, Paul E.","Challenger","N/A","N/A","N/A","N/A","3","1,681","R",".00","77.16","22.84","","",""
"Governor","Kentucky","19951107","N/A","JEFFERSON","County","81,930","Forgy, Larry","Challenger","107,192","Patton, Paul E.","Challenger","N/A","N/A","N/A","N/A","1,220","25,262","D",".00","43.32","56.68","","",""
"Governor","Kentucky","19951107","N/A","JESSAMINE","County","5,179","Forgy, Larry","Challenger","3,284","Patton, Paul E.","Challenger","N/A","N/A","N/A","N/A","113","1,895","R",".00","61.20","38.80","","",""
"Governor","Kentucky","19951107","N/A","JOHNSON","County","2,874","Forgy, Larry","Challenger","2,836","Patton, Paul E.","Challenger","N/A","N/A","N/A","N/A","7","38","R",".00","50.33","49.67","","",""
"Governor","Kentucky","19951107","N/A","KENTON","County","19,852","Forgy, Larry","Challenger","11,753","Patton, Paul E.","Challenger","N/A","N/A","N/A","N/A","N/A","8,099","R",".00","62.81","37.19","","",""
"Governor","Kentucky","19951107","N/A","KNOTT","County","1,314","Forgy, Larry","Challenger","4,580","Patton, Paul E.","Challenger","N/A","N/A","N/A","N/A","N/A","3,266","D",".00","22.29","77.71","","",""
"Governor","Kentucky","19951107","N/A","KNOX","County","3,095","Forgy, Larry","Challenger","2,830","Patton, Paul E.","Challenger","N/A","N/A","N/A","N/A","4","265","R",".00","52.24","47.76","","",""
"Governor","Kentucky","19951107","N/A","LARUE","County","1,842","Forgy, Larry","Challenger","2,027","Patton, Paul E.","Challenger","N/A","N/A","N/A","N/A","9","185","D",".00","47.61","52.39","","",""
"Governor","Kentucky","19951107","N/A","LAUREL","County","7,848","Forgy, Larry","Challenger","3,372","Patton, Paul E.","Challenger","N/A","N/A","N/A","N/A","27","4,476","R",".00","69.95","30.05","","",""
"Governor","Kentucky","19951107","N/A","LAWRENCE","County","1,080","Forgy, Larry","Challenger","2,220","Patton, Paul E.","Challenger","N/A","N/A","N/A","N/A","4","1,140","D",".00","32.73","67.27","","",""
"Governor","Kentucky","19951107","N/A","LEE","County","1,587","Forgy, Larry","Challenger","952","Patton, Paul E.","Challenger","N/A","N/A","N/A","N/A","8","635","R",".00","62.50","37.50","","",""
"Governor","Kentucky","19951107","N/A","LESLIE","County","2,336","Forgy, Larry","Challenger","1,383","Patton, Paul E.","Challenger","N/A","N/A","N/A","N/A","4","953","R",".00","62.81","37.19","","",""
"Governor","Kentucky","19951107","N/A","LETCHER","County","1,788","Forgy, Larry","Challenger","3,879","Patton, Paul E.","Challenger","N/A","N/A","N/A","N/A","N/A","2,091","D",".00","31.55","68.45","","",""
"Governor","Kentucky","19951107","N/A","LEWIS","County","2,823","Forgy, Larry","Challenger","1,544","Patton, Paul E.","Challenger","N/A","N/A","N/A","N/A","1","1,279","R",".00","64.64","35.36","","",""
"Governor","Kentucky","19951107","N/A","LINCOLN","County","2,317","Forgy, Larry","Challenger","2,060","Patton, Paul E.","Challenger","N/A","N/A","N/A","N/A","24","257","R",".00","52.94","47.06","","",""
"Governor","Kentucky","19951107","N/A","LIVINGSTON","County","941","Forgy, Larry","Challenger","1,674","Patton, Paul E.","Challenger","N/A","N/A","N/A","N/A","5","733","D",".00","35.98","64.02","","",""
"Governor","Kentucky","19951107","N/A","LOGAN","County","3,917","Forgy, Larry","Challenger","2,541","Patton, Paul E.","Challenger","N/A","N/A","N/A","N/A","N/A","1,376","R",".00","60.65","39.35","","",""
"Governor","Kentucky","19951107","N/A","LYON","County","890","Forgy, Larry","Challenger","1,323","Patton, Paul E.","Challenger","N/A","N/A","N/A","N/A","4","433","D",".00","40.22","59.78","","",""
"Governor","Kentucky","19951107","N/A","MADISON","County","7,024","Forgy, Larry","Challenger","6,471","Patton, Paul E.","Challenger","N/A","N/A","N/A","N/A","151","553","R",".00","52.05","47.95","","",""
"Governor","Kentucky","19951107","N/A","MAGOFFIN","County","1,544","Forgy, Larry","Challenger","2,747","Patton, Paul E.","Challenger","N/A","N/A","N/A","N/A","N/A","1,203","D",".00","35.98","64.02","","",""
"Governor","Kentucky","19951107","N/A","MARION","County","1,612","Forgy, Larry","Challenger","2,404","Patton, Paul E.","Challenger","N/A","N/A","N/A","N/A","13","792","D",".00","40.14","59.86","","",""
"Governor","Kentucky","19951107","N/A","MARSHALL","County","3,355","Forgy, Larry","Challenger","5,319","Patton, Paul E.","Challenger","N/A","N/A","N/A","N/A","8","1,964","D",".00","38.68","61.32","","",""
"Governor","Kentucky","19951107","N/A","MARTIN","County","1,199","Forgy, Larry","Challenger","1,264","Patton, Paul E.","Challenger","N/A","N/A","N/A","N/A","N/A","65","D",".00","48.68","51.32","","",""
"Governor","Kentucky","19951107","N/A","MASON","County","2,072","Forgy, Larry","Challenger","2,021","Patton, Paul E.","Challenger","N/A","N/A","N/A","N/A","8","51","R",".00","50.62","49.38","","",""
"Governor","Kentucky","19951107","N/A","MCCRACKEN","County","7,890","Forgy, Larry","Challenger","10,283","Patton, Paul E.","Challenger","N/A","N/A","N/A","N/A","24","2,393","D",".00","43.42","56.58","","",""
"Governor","Kentucky","19951107","N/A","MCCREARY","County","1,622","Forgy, Larry","Challenger","923","Patton, Paul E.","Challenger","N/A","N/A","N/A","N/A","2","699","R",".00","63.73","36.27","","",""
"Governor","Kentucky","19951107","N/A","MCLEAN","County","1,104","Forgy, Larry","Challenger","1,542","Patton, Paul E.","Challenger","N/A","N/A","N/A","N/A","N/A","438","D",".00","41.72","58.28","","",""
"Governor","Kentucky","19951107","N/A","MEADE","County","2,185","Forgy, Larry","Challenger","2,843","Patton, Paul E.","Challenger","N/A","N/A","N/A","N/A","10","658","D",".00","43.46","56.54","","",""
"Governor","Kentucky","19951107","N/A","MENIFEE","County","588","Forgy, Larry","Challenger","925","Patton, Paul E.","Challenger","N/A","N/A","N/A","N/A","1","337","D",".00","38.86","61.14","","",""
"Governor","Kentucky","19951107","N/A","MERCER","County","2,863","Forgy, Larry","Challenger","2,654","Patton, Paul E.","Challenger","N/A","N/A","N/A","N/A","12","209","R",".00","51.89","48.11","","",""
"Governor","Kentucky","19951107","N/A","METCALFE","County","1,388","Forgy, Larry","Challenger","1,235","Patton, Paul E.","Challenger","N/A","N/A","N/A","N/A","2","153","R",".00","52.92","47.08","","",""
"Governor","Kentucky","19951107","N/A","MONROE","County","2,630","Forgy, Larry","Challenger","745","Patton, Paul E.","Challenger","N/A","N/A","N/A","N/A","N/A","1,885","R",".00","77.93","22.07","","",""
"Governor","Kentucky","19951107","N/A","MONTGOMERY","County","2,304","Forgy, Larry","Challenger","3,083","Patton, Paul E.","Challenger","N/A","N/A","N/A","N/A","18","779","D",".00","42.77","57.23","","",""
"Governor","Kentucky","19951107","N/A","MORGAN","County","1,313","Forgy, Larry","Challenger","2,140","Patton, Paul E.","Challenger","N/A","N/A","N/A","N/A","1","827","D",".00","38.02","61.98","","",""
"Governor","Kentucky","19951107","N/A","MUHLENBERG","County","2,636","Forgy, Larry","Challenger","4,684","Patton, Paul E.","Challenger","N/A","N/A","N/A","N/A","6","2,048","D",".00","36.01","63.99","","",""
"Governor","Kentucky","19951107","N/A","NELSON","County","3,627","Forgy, Larry","Challenger","4,256","Patton, Paul E.","Challenger","N/A","N/A","N/A","N/A","16","629","D",".00","46.01","53.99","","",""
"Governor","Kentucky","19951107","N/A","NICHOLAS","County","723","Forgy, Larry","Challenger","1,022","Patton, Paul E.","Challenger","N/A","N/A","N/A","N/A","34","299","D",".00","41.43","58.57","","",""
"Governor","Kentucky","19951107","N/A","OHIO","County","2,973","Forgy, Larry","Challenger","2,880","Patton, Paul E.","Challenger","N/A","N/A","N/A","N/A","7","93","R",".00","50.79","49.21","","",""
"Governor","Kentucky","19951107","N/A","OLDHAM","County","6,879","Forgy, Larry","Challenger","4,707","Patton, Paul E.","Challenger","N/A","N/A","N/A","N/A","101","2,172","R",".00","59.37","40.63","","",""
"Governor","Kentucky","19951107","N/A","OWEN","County","1,208","Forgy, Larry","Challenger","1,506","Patton, Paul E.","Challenger","N/A","N/A","N/A","N/A","16","298","D",".00","44.51","55.49","","",""
"Governor","Kentucky","19951107","N/A","OWSLEY","County","811","Forgy, Larry","Challenger","879","Patton, Paul E.","Challenger","N/A","N/A","N/A","N/A","N/A","68","D",".00","47.99","52.01","","",""
"Governor","Kentucky","19951107","N/A","PENDLETON","County","1,532","Forgy, Larry","Challenger","1,313","Patton, Paul E.","Challenger","N/A","N/A","N/A","N/A","1","219","R",".00","53.85","46.15","","",""
"Governor","Kentucky","19951107","N/A","PERRY","County","2,740","Forgy, Larry","Challenger","5,110","Patton, Paul E.","Challenger","N/A","N/A","N/A","N/A","21","2,370","D",".00","34.90","65.10","","",""
"Governor","Kentucky","19951107","N/A","PIKE","County","4,960","Forgy, Larry","Challenger","13,882","Patton, Paul E.","Challenger","N/A","N/A","N/A","N/A","24","8,922","D",".00","26.32","73.68","","",""
"Governor","Kentucky","19951107","N/A","POWELL","County","1,562","Forgy, Larry","Challenger","1,853","Patton, Paul E.","Challenger","N/A","N/A","N/A","N/A","3","291","D",".00","45.74","54.26","","",""
"Governor","Kentucky","19951107","N/A","PULASKI","County","9,023","Forgy, Larry","Challenger","4,537","Patton, Paul E.","Challenger","N/A","N/A","N/A","N/A","9","4,486","R",".00","66.54","33.46","","",""
"Governor","Kentucky","19951107","N/A","ROBERTSON","County","331","Forgy, Larry","Challenger","358","Patton, Paul E.","Challenger","N/A","N/A","N/A","N/A","N/A","27","D",".00","48.04","51.96","","",""
"Governor","Kentucky","19951107","N/A","ROCKCASTLE","County","2,620","Forgy, Larry","Challenger","1,012","Patton, Paul E.","Challenger","N/A","N/A","N/A","N/A","21","1,608","R",".00","72.14","27.86","","",""
"Governor","Kentucky","19951107","N/A","ROWAN","County","2,152","Forgy, Larry","Challenger","2,589","Patton, Paul E.","Challenger","N/A","N/A","N/A","N/A","31","437","D",".00","45.39","54.61","","",""
"Governor","Kentucky","19951107","N/A","RUSSELL","County","3,074","Forgy, Larry","Challenger","1,456","Patton, Paul E.","Challenger","N/A","N/A","N/A","N/A","13","1,618","R",".00","67.86","32.14","","",""
"Governor","Kentucky","19951107","N/A","SCOTT","County","3,436","Forgy, Larry","Challenger","3,215","Patton, Paul E.","Challenger","N/A","N/A","N/A","N/A","63","221","R",".00","51.66","48.34","","",""
"Governor","Kentucky","19951107","N/A","SHELBY","County","3,955","Forgy, Larry","Challenger","3,840","Patton, Paul E.","Challenger","N/A","N/A","N/A","N/A","32","115","R",".00","50.74","49.26","","",""
"Governor","Kentucky","19951107","N/A","SIMPSON","County","1,446","Forgy, Larry","Challenger","1,455","Patton, Paul E.","Challenger","N/A","N/A","N/A","N/A","N/A","9","D",".00","49.84","50.16","","",""
"Governor","Kentucky","19951107","N/A","SPENCER","County","1,138","Forgy, Larry","Challenger","1,137","Patton, Paul E.","Challenger","N/A","N/A","N/A","N/A","11","1","R",".00","50.02","49.98","","",""
"Governor","Kentucky","19951107","N/A","TAYLOR","County","4,354","Forgy, Larry","Challenger","3,283","Patton, Paul E.","Challenger","N/A","N/A","N/A","N/A","7","1,071","R",".00","57.01","42.99","","",""
"Governor","Kentucky","19951107","N/A","TODD","County","1,400","Forgy, Larry","Challenger","1,086","Patton, Paul E.","Challenger","N/A","N/A","N/A","N/A","1","314","R",".00","56.32","43.68","","",""
"Governor","Kentucky","19951107","N/A","TRIGG","County","1,485","Forgy, Larry","Challenger","1,917","Patton, Paul E.","Challenger","N/A","N/A","N/A","N/A","1","432","D",".00","43.65","56.35","","",""
"Governor","Kentucky","19951107","N/A","TRIMBLE","County","748","Forgy, Larry","Challenger","1,019","Patton, Paul E.","Challenger","N/A","N/A","N/A","N/A","16","271","D",".00","42.33","57.67","","",""
"Governor","Kentucky","19951107","N/A","UNION","County","1,255","Forgy, Larry","Challenger","2,334","Patton, Paul E.","Challenger","N/A","N/A","N/A","N/A","N/A","1,079","D",".00","34.97","65.03","","",""
"Governor","Kentucky","19951107","N/A","WARREN","County","11,448","Forgy, Larry","Challenger","9,323","Patton, Paul E.","Challenger","N/A","N/A","N/A","N/A","26","2,125","R",".00","55.12","44.88","","",""
"Governor","Kentucky","19951107","N/A","WASHINGTON","County","1,610","Forgy, Larry","Challenger","1,599","Patton, Paul E.","Challenger","N/A","N/A","N/A","N/A","2","11","R",".00","50.17","49.83","","",""
"Governor","Kentucky","19951107","N/A","WAYNE","County","2,619","Forgy, Larry","Challenger","2,196","Patton, Paul E.","Challenger","N/A","N/A","N/A","N/A","3","423","R",".00","54.39","45.61","","",""
"Governor","Kentucky","19951107","N/A","WEBSTER","County","1,113","Forgy, Larry","Challenger","2,281","Patton, Paul E.","Challenger","N/A","N/A","N/A","N/A","N/A","1,168","D",".00","32.79","67.21","","",""
"Governor","Kentucky","19951107","N/A","WHITLEY","County","4,079","Forgy, Larry","Challenger","2,608","Patton, Paul E.","Challenger","N/A","N/A","N/A","N/A","1","1,471","R",".00","61.00","39.00","","",""
"Governor","Kentucky","19951107","N/A","WOLFE","County","701","Forgy, Larry","Challenger","1,594","Patton, Paul E.","Challenger","N/A","N/A","N/A","N/A","3","893","D",".00","30.54","69.46","","",""
"Governor","Kentucky","19951107","N/A","WOODFORD","County","3,434","Forgy, Larry","Challenger","3,312","Patton, Paul E.","Challenger","N/A","N/A","N/A","N/A","69","122","R",".00","50.90","49.10","","",""
"Governor","Mississippi","1995","N/A","ADAMS","County","5,440","Fordice, Kirk","Incumbent","6,537","Molpus, Dick","Challenger","N/A","N/A","N/A","N/A","N/A","1,097","D",".00","45.42","54.58","","",""
"Governor","Mississippi","1995","N/A","ALCORN","County","4,569","Fordice, Kirk","Incumbent","4,590","Molpus, Dick","Challenger","N/A","N/A","N/A","N/A","N/A","21","D",".00","49.89","50.11","","",""
"Governor","Mississippi","1995","N/A","AMITE","County","2,954","Fordice, Kirk","Incumbent","2,252","Molpus, Dick","Challenger","N/A","N/A","N/A","N/A","N/A","702","R",".00","56.74","43.26","","",""
"Governor","Mississippi","1995","N/A","ATTALA","County","3,637","Fordice, Kirk","Incumbent","2,725","Molpus, Dick","Challenger","N/A","N/A","N/A","N/A","N/A","912","R",".00","57.17","42.83","","",""
"Governor","Mississippi","1995","N/A","BENTON","County","1,582","Fordice, Kirk","Incumbent","1,714","Molpus, Dick","Challenger","N/A","N/A","N/A","N/A","N/A","132","D",".00","48.00","52.00","","",""
"Governor","Mississippi","1995","N/A","BOLIVAR","County","4,453","Fordice, Kirk","Incumbent","7,713","Molpus, Dick","Challenger","N/A","N/A","N/A","N/A","N/A","3,260","D",".00","36.60","63.40","","",""
"Governor","Mississippi","1995","N/A","CALHOUN","County","3,572","Fordice, Kirk","Incumbent","2,444","Molpus, Dick","Challenger","N/A","N/A","N/A","N/A","N/A","1,128","R",".00","59.38","40.63","","",""
"Governor","Mississippi","1995","N/A","CARROLL","County","2,806","Fordice, Kirk","Incumbent","1,699","Molpus, Dick","Challenger","N/A","N/A","N/A","N/A","N/A","1,107","R",".00","62.29","37.71","","",""
"Governor","Mississippi","1995","N/A","CHICKASAW","County","3,183","Fordice, Kirk","Incumbent","3,273","Molpus, Dick","Challenger","N/A","N/A","N/A","N/A","N/A","90","D",".00","49.30","50.70","","",""
"Governor","Mississippi","1995","N/A","CHOCTAW","County","2,026","Fordice, Kirk","Incumbent","1,204","Molpus, Dick","Challenger","N/A","N/A","N/A","N/A","N/A","822","R",".00","62.72","37.28","","",""
"Governor","Mississippi","1995","N/A","CLAIBORNE","County","988","Fordice, Kirk","Incumbent","3,680","Molpus, Dick","Challenger","N/A","N/A","N/A","N/A","N/A","2,692","D",".00","21.17","78.83","","",""
"Governor","Mississippi","1995","N/A","CLARKE","County","3,647","Fordice, Kirk","Incumbent","2,565","Molpus, Dick","Challenger","N/A","N/A","N/A","N/A","N/A","1,082","R",".00","58.71","41.29","","",""
"Governor","Mississippi","1995","N/A","CLAY","County","3,065","Fordice, Kirk","Incumbent","3,669","Molpus, Dick","Challenger","N/A","N/A","N/A","N/A","N/A","604","D",".00","45.52","54.48","","",""
"Governor","Mississippi","1995","N/A","COAHOMA","County","3,753","Fordice, Kirk","Incumbent","4,923","Molpus, Dick","Challenger","N/A","N/A","N/A","N/A","N/A","1,170","D",".00","43.26","56.74","","",""
"Governor","Mississippi","1995","N/A","COPIAH","County","4,667","Fordice, Kirk","Incumbent","4,194","Molpus, Dick","Challenger","N/A","N/A","N/A","N/A","N/A","473","R",".00","52.67","47.33","","",""
"Governor","Mississippi","1995","N/A","COVINGTON","County","4,151","Fordice, Kirk","Incumbent","2,550","Molpus, Dick","Challenger","N/A","N/A","N/A","N/A","N/A","1,601","R",".00","61.95","38.05","","",""
"Governor","Mississippi","1995","N/A","DE SOTO","County","14,076","Fordice, Kirk","Incumbent","5,016","Molpus, Dick","Challenger","N/A","N/A","N/A","N/A","N/A","9,060","R",".00","73.73","26.27","","",""
"Governor","Mississippi","1995","N/A","FORREST","County","10,515","Fordice, Kirk","Incumbent","6,765","Molpus, Dick","Challenger","N/A","N/A","N/A","N/A","N/A","3,750","R",".00","60.85","39.15","","",""
"Governor","Mississippi","1995","N/A","FRANKLIN","County","1,950","Fordice, Kirk","Incumbent","1,299","Molpus, Dick","Challenger","N/A","N/A","N/A","N/A","N/A","651","R",".00","60.02","39.98","","",""
"Governor","Mississippi","1995","N/A","GEORGE","County","3,684","Fordice, Kirk","Incumbent","2,184","Molpus, Dick","Challenger","N/A","N/A","N/A","N/A","N/A","1,500","R",".00","62.78","37.22","","",""
"Governor","Mississippi","1995","N/A","GREENE","County","2,571","Fordice, Kirk","Incumbent","1,530","Molpus, Dick","Challenger","N/A","N/A","N/A","N/A","N/A","1,041","R",".00","62.69","37.31","","",""
"Governor","Mississippi","1995","N/A","GRENADA","County","4,367","Fordice, Kirk","Incumbent","3,634","Molpus, Dick","Challenger","N/A","N/A","N/A","N/A","N/A","733","R",".00","54.58","45.42","","",""
"Governor","Mississippi","1995","N/A","HANCOCK","County","6,622","Fordice, Kirk","Incumbent","5,204","Molpus, Dick","Challenger","N/A","N/A","N/A","N/A","N/A","1,418","R",".00","56.00","44.00","","",""
"Governor","Mississippi","1995","N/A","HARRISON","County","20,280","Fordice, Kirk","Incumbent","17,226","Molpus, Dick","Challenger","N/A","N/A","N/A","N/A","N/A","3,054","R",".00","54.07","45.93","","",""
"Governor","Mississippi","1995","N/A","HINDS","County","33,757","Fordice, Kirk","Incumbent","40,216","Molpus, Dick","Challenger","N/A","N/A","N/A","N/A","N/A","6,459","D",".00","45.63","54.37","","",""
"Governor","Mississippi","1995","N/A","HOLMES","County","1,863","Fordice, Kirk","Incumbent","4,581","Molpus, Dick","Challenger","N/A","N/A","N/A","N/A","N/A","2,718","D",".00","28.91","71.09","","",""
"Governor","Mississippi","1995","N/A","HUMPHREYS","County","2,022","Fordice, Kirk","Incumbent","2,961","Molpus, Dick","Challenger","N/A","N/A","N/A","N/A","N/A","939","D",".00","40.58","59.42","","",""
"Governor","Mississippi","1995","N/A","ISSAQUENA","County","390","Fordice, Kirk","Incumbent","532","Molpus, Dick","Challenger","N/A","N/A","N/A","N/A","N/A","142","D",".00","42.30","57.70","","",""
"Governor","Mississippi","1995","N/A","ITAWAMBA","County","3,948","Fordice, Kirk","Incumbent","2,756","Molpus, Dick","Challenger","N/A","N/A","N/A","N/A","N/A","1,192","R",".00","58.89","41.11","","",""
"Governor","Mississippi","1995","N/A","JACKSON","County","20,983","Fordice, Kirk","Incumbent","12,192","Molpus, Dick","Challenger","N/A","N/A","N/A","N/A","N/A","8,791","R",".00","63.25","36.75","","",""
"Governor","Mississippi","1995","N/A","JASPER","County","3,218","Fordice, Kirk","Incumbent","2,985","Molpus, Dick","Challenger","N/A","N/A","N/A","N/A","N/A","233","R",".00","51.88","48.12","","",""
"Governor","Mississippi","1995","N/A","JEFFERSON","County","630","Fordice, Kirk","Incumbent","2,675","Molpus, Dick","Challenger","N/A","N/A","N/A","N/A","N/A","2,045","D",".00","19.06","80.94","","",""
"Governor","Mississippi","1995","N/A","JEFFERSON DAVIS","County","2,696","Fordice, Kirk","Incumbent","2,995","Molpus, Dick","Challenger","N/A","N/A","N/A","N/A","N/A","299","D",".00","47.37","52.63","","",""
"Governor","Mississippi","1995","N/A","JONES","County","13,575","Fordice, Kirk","Incumbent","6,155","Molpus, Dick","Challenger","N/A","N/A","N/A","N/A","N/A","7,420","R",".00","68.80","31.20","","",""
"Governor","Mississippi","1995","N/A","KEMPER","County","1,914","Fordice, Kirk","Incumbent","2,406","Molpus, Dick","Challenger","N/A","N/A","N/A","N/A","N/A","492","D",".00","44.31","55.69","","",""
"Governor","Mississippi","1995","N/A","LAFAYETTE","County","4,783","Fordice, Kirk","Incumbent","4,756","Molpus, Dick","Challenger","N/A","N/A","N/A","N/A","N/A","27","R",".00","50.14","49.86","","",""
"Governor","Mississippi","1995","N/A","LAMAR","County","8,349","Fordice, Kirk","Incumbent","2,931","Molpus, Dick","Challenger","N/A","N/A","N/A","N/A","N/A","5,418","R",".00","74.02","25.98","","",""
"Governor","Mississippi","1995","N/A","LAUDERDALE","County","13,932","Fordice, Kirk","Incumbent","8,460","Molpus, Dick","Challenger","N/A","N/A","N/A","N/A","N/A","5,472","R",".00","62.22","37.78","","",""
"Governor","Mississippi","1995","N/A","LAWRENCE","County","3,398","Fordice, Kirk","Incumbent","2,629","Molpus, Dick","Challenger","N/A","N/A","N/A","N/A","N/A","769","R",".00","56.38","43.62","","",""
"Governor","Mississippi","1995","N/A","LEAKE","County","4,025","Fordice, Kirk","Incumbent","3,111","Molpus, Dick","Challenger","N/A","N/A","N/A","N/A","N/A","914","R",".00","56.40","43.60","","",""
"Governor","Mississippi","1995","N/A","LEE","County","10,337","Fordice, Kirk","Incumbent","7,189","Molpus, Dick","Challenger","N/A","N/A","N/A","N/A","N/A","3,148","R",".00","58.98","41.02","","",""
"Governor","Mississippi","1995","N/A","LEFLORE","County","4,784","Fordice, Kirk","Incumbent","6,135","Molpus, Dick","Challenger","N/A","N/A","N/A","N/A","N/A","1,351","D",".00","43.81","56.19","","",""
"Governor","Mississippi","1995","N/A","LINCOLN","County","6,662","Fordice, Kirk","Incumbent","3,900","Molpus, Dick","Challenger","N/A","N/A","N/A","N/A","N/A","2,762","R",".00","63.08","36.92","","",""
"Governor","Mississippi","1995","N/A","LOWNDES","County","9,360","Fordice, Kirk","Incumbent","5,858","Molpus, Dick","Challenger","N/A","N/A","N/A","N/A","N/A","3,502","R",".00","61.51","38.49","","",""
"Governor","Mississippi","1995","N/A","MADISON","County","12,034","Fordice, Kirk","Incumbent","9,111","Molpus, Dick","Challenger","N/A","N/A","N/A","N/A","N/A","2,923","R",".00","56.91","43.09","","",""
"Governor","Mississippi","1995","N/A","MARION","County","6,243","Fordice, Kirk","Incumbent","4,121","Molpus, Dick","Challenger","N/A","N/A","N/A","N/A","N/A","2,122","R",".00","60.24","39.76","","",""
"Governor","Mississippi","1995","N/A","MARSHALL","County","4,086","Fordice, Kirk","Incumbent","4,501","Molpus, Dick","Challenger","N/A","N/A","N/A","N/A","N/A","415","D",".00","47.58","52.42","","",""
"Governor","Mississippi","1995","N/A","MONROE","County","5,221","Fordice, Kirk","Incumbent","4,594","Molpus, Dick","Challenger","N/A","N/A","N/A","N/A","N/A","627","R",".00","53.19","46.81","","",""
"Governor","Mississippi","1995","N/A","MONTGOMERY","County","2,160","Fordice, Kirk","Incumbent","1,978","Molpus, Dick","Challenger","N/A","N/A","N/A","N/A","N/A","182","R",".00","52.20","47.80","","",""
"Governor","Mississippi","1995","N/A","NESHOBA","County","5,164","Fordice, Kirk","Incumbent","3,503","Molpus, Dick","Challenger","N/A","N/A","N/A","N/A","N/A","1,661","R",".00","59.58","40.42","","",""
"Governor","Mississippi","1995","N/A","NEWTON","County","5,231","Fordice, Kirk","Incumbent","2,857","Molpus, Dick","Challenger","N/A","N/A","N/A","N/A","N/A","2,374","R",".00","64.68","35.32","","",""
"Governor","Mississippi","1995","N/A","NOXUBEE","County","1,777","Fordice, Kirk","Incumbent","3,289","Molpus, Dick","Challenger","N/A","N/A","N/A","N/A","N/A","1,512","D",".00","35.08","64.92","","",""
"Governor","Mississippi","1995","N/A","OKTIBBEHA","County","5,415","Fordice, Kirk","Incumbent","5,554","Molpus, Dick","Challenger","N/A","N/A","N/A","N/A","N/A","139","D",".00","49.37","50.63","","",""
"Governor","Mississippi","1995","N/A","PANOLA","County","4,992","Fordice, Kirk","Incumbent","4,992","Molpus, Dick","Challenger","N/A","N/A","N/A","N/A","N/A","0","R",".00","50.00","50.00","","",""
"Governor","Mississippi","1995","N/A","PEARL RIVER","County","8,951","Fordice, Kirk","Incumbent","5,903","Molpus, Dick","Challenger","N/A","N/A","N/A","N/A","N/A","3,048","R",".00","60.26","39.74","","",""
"Governor","Mississippi","1995","N/A","PERRY","County","2,729","Fordice, Kirk","Incumbent","1,288","Molpus, Dick","Challenger","N/A","N/A","N/A","N/A","N/A","1,441","R",".00","67.94","32.06","","",""
"Governor","Mississippi","1995","N/A","PIKE","County","6,356","Fordice, Kirk","Incumbent","7,032","Molpus, Dick","Challenger","N/A","N/A","N/A","N/A","N/A","676","D",".00","47.48","52.52","","",""
"Governor","Mississippi","1995","N/A","PONTOTOC","County","4,573","Fordice, Kirk","Incumbent","2,742","Molpus, Dick","Challenger","N/A","N/A","N/A","N/A","N/A","1,831","R",".00","62.52","37.48","","",""
"Governor","Mississippi","1995","N/A","PRENTISS","County","4,575","Fordice, Kirk","Incumbent","3,432","Molpus, Dick","Challenger","N/A","N/A","N/A","N/A","N/A","1,143","R",".00","57.14","42.86","","",""
"Governor","Mississippi","1995","N/A","QUITMAN","County","1,604","Fordice, Kirk","Incumbent","2,317","Molpus, Dick","Challenger","N/A","N/A","N/A","N/A","N/A","713","D",".00","40.91","59.09","","",""
"Governor","Mississippi","1995","N/A","RANKIN","County","24,176","Fordice, Kirk","Incumbent","8,687","Molpus, Dick","Challenger","N/A","N/A","N/A","N/A","N/A","15,489","R",".00","73.57","26.43","","",""
"Governor","Mississippi","1995","N/A","SCOTT","County","4,722","Fordice, Kirk","Incumbent","3,237","Molpus, Dick","Challenger","N/A","N/A","N/A","N/A","N/A","1,485","R",".00","59.33","40.67","","",""
"Governor","Mississippi","1995","N/A","SHARKEY","County","1,192","Fordice, Kirk","Incumbent","1,744","Molpus, Dick","Challenger","N/A","N/A","N/A","N/A","N/A","552","D",".00","40.60","59.40","","",""
"Governor","Mississippi","1995","N/A","SIMPSON","County","5,992","Fordice, Kirk","Incumbent","3,451","Molpus, Dick","Challenger","N/A","N/A","N/A","N/A","N/A","2,541","R",".00","63.45","36.55","","",""
"Governor","Mississippi","1995","N/A","SMITH","County","4,805","Fordice, Kirk","Incumbent","1,918","Molpus, Dick","Challenger","N/A","N/A","N/A","N/A","N/A","2,887","R",".00","71.47","28.53","","",""
"Governor","Mississippi","1995","N/A","STONE","County","2,694","Fordice, Kirk","Incumbent","2,024","Molpus, Dick","Challenger","N/A","N/A","N/A","N/A","N/A","670","R",".00","57.10","42.90","","",""
"Governor","Mississippi","1995","N/A","SUNFLOWER","County","3,422","Fordice, Kirk","Incumbent","5,096","Molpus, Dick","Challenger","N/A","N/A","N/A","N/A","N/A","1,674","D",".00","40.17","59.83","","",""
"Governor","Mississippi","1995","N/A","TALLAHATCHIE","County","2,539","Fordice, Kirk","Incumbent","3,232","Molpus, Dick","Challenger","N/A","N/A","N/A","N/A","N/A","693","D",".00","44.00","56.00","","",""
"Governor","Mississippi","1995","N/A","TATE","County","4,532","Fordice, Kirk","Incumbent","2,791","Molpus, Dick","Challenger","N/A","N/A","N/A","N/A","N/A","1,741","R",".00","61.89","38.11","","",""
"Governor","Mississippi","1995","N/A","TIPPAH","County","4,180","Fordice, Kirk","Incumbent","2,484","Molpus, Dick","Challenger","N/A","N/A","N/A","N/A","N/A","1,696","R",".00","62.73","37.27","","",""
"Governor","Mississippi","1995","N/A","TISHOMINGO","County","3,285","Fordice, Kirk","Incumbent","2,716","Molpus, Dick","Challenger","N/A","N/A","N/A","N/A","N/A","569","R",".00","54.74","45.26","","",""
"Governor","Mississippi","1995","N/A","TUNICA","County","872","Fordice, Kirk","Incumbent","1,276","Molpus, Dick","Challenger","N/A","N/A","N/A","N/A","N/A","404","D",".00","40.60","59.40","","",""
"Governor","Mississippi","1995","N/A","UNION","County","4,424","Fordice, Kirk","Incumbent","3,316","Molpus, Dick","Challenger","N/A","N/A","N/A","N/A","N/A","1,108","R",".00","57.16","42.84","","",""
"Governor","Mississippi","1995","N/A","WALTHALL","County","2,724","Fordice, Kirk","Incumbent","1,559","Molpus, Dick","Challenger","N/A","N/A","N/A","N/A","N/A","1,165","R",".00","63.60","36.40","","",""
"Governor","Mississippi","1995","N/A","WARREN","County","9,440","Fordice, Kirk","Incumbent","6,629","Molpus, Dick","Challenger","N/A","N/A","N/A","N/A","N/A","2,811","R",".00","58.75","41.25","","",""
"Governor","Mississippi","1995","N/A","WASHINGTON","County","6,431","Fordice, Kirk","Incumbent","6,858","Molpus, Dick","Challenger","N/A","N/A","N/A","N/A","N/A","427","D",".00","48.39","51.61","","",""
"Governor","Mississippi","1995","N/A","WAYNE","County","4,108","Fordice, Kirk","Incumbent","2,937","Molpus, Dick","Challenger","N/A","N/A","N/A","N/A","N/A","1,171","R",".00","58.31","41.69","","",""
"Governor","Mississippi","1995","N/A","WEBSTER","County","3,014","Fordice, Kirk","Incumbent","1,444","Molpus, Dick","Challenger","N/A","N/A","N/A","N/A","N/A","1,570","R",".00","67.61","32.39","","",""
"Governor","Mississippi","1995","N/A","WILKINSON","County","1,209","Fordice, Kirk","Incumbent","1,790","Molpus, Dick","Challenger","N/A","N/A","N/A","N/A","N/A","581","D",".00","40.31","59.69","","",""
"Governor","Mississippi","1995","N/A","WINSTON","County","4,099","Fordice, Kirk","Incumbent","3,201","Molpus, Dick","Challenger","N/A","N/A","N/A","N/A","N/A","898","R",".00","56.15","43.85","","",""
"Governor","Mississippi","1995","N/A","YALOBUSHA","County","2,369","Fordice, Kirk","Incumbent","2,418","Molpus, Dick","Challenger","N/A","N/A","N/A","N/A","N/A","49","D",".00","49.49","50.51","","",""
"Governor","Mississippi","1995","N/A","YAZOO","County","4,737","Fordice, Kirk","Incumbent","4,175","Molpus, Dick","Challenger","N/A","N/A","N/A","N/A","N/A","562","R",".00","53.15","46.85","","",""
